{
    "info": [
        {
            "objidx": [
                0,
                0,
                1
            ],
            "pos": {
                "x": 0.9900262355804443,
                "y": -0.5950000286102295,
                "z": -1.7596781253814698
            },
            "rot": {
                "x": 0.0,
                "y": 0.0,
                "z": 0.0
            },
            "scale": {
                "x": 1.0,
                "y": 1.0,
                "z": 1.0
            }
        }
    ]
}